,SB_UID,SG_ID_y,OBSPROJECT_UID_y
0,uid://A001/X12a/X16a1,uid://A001/X113/X1a1_2,uid://A001/X113/X1a1
1,uid://A001/X12a/X169f,uid://A001/X113/X1a1_2,uid://A001/X113/X1a1
2,uid://A001/X12a/X16a0,uid://A001/X113/X1a1_2,uid://A001/X113/X1a1
3,uid://A001/X12a/X1a5e,uid://A001/X113/X62c_2,uid://A001/X113/X62c
4,uid://A001/X12a/X1a5f,uid://A001/X113/X62c_2,uid://A001/X113/X62c
5,uid://A001/X12a/X1a5d,uid://A001/X113/X62c_2,uid://A001/X113/X62c
6,uid://A001/X12a/X1a6a,uid://A001/X113/X62c_6,uid://A001/X113/X62c
7,uid://A001/X12a/X1a69,uid://A001/X113/X62c_6,uid://A001/X113/X62c
8,uid://A001/X12a/X1a6b,uid://A001/X113/X62c_6,uid://A001/X113/X62c
9,uid://A001/X12a/X7e6,uid://A001/X10e/X299_1,uid://A001/X10e/X299
10,uid://A001/X12a/X730,uid://A001/X110/X1df_2,uid://A001/X110/X1df
11,uid://A001/X12a/X9a5,uid://A001/X10f/X2f2_4,uid://A001/X10f/X2f2
12,uid://A001/X12a/X1334,uid://A001/X113/X276_1,uid://A001/X113/X276
13,uid://A001/X12a/X93c,uid://A001/X10d/Xd_2,uid://A001/X10d/Xd
14,uid://A001/X12a/X6b9,uid://A001/X110/X1b1_12,uid://A001/X110/X1b1
15,uid://A001/X12a/X1225,uid://A001/X106/X26_4,uid://A001/X106/X26
16,uid://A001/X12a/Xc8a,uid://A001/X10f/X3ad_1,uid://A001/X10f/X3ad
17,uid://A001/X12a/X7ef,uid://A001/X110/X22a_1,uid://A001/X110/X22a
18,uid://A001/X12a/X1832,uid://A001/X113/X1f9_5,uid://A001/X113/X1f9
19,uid://A001/X12a/X6b3,uid://A001/X110/X1b1_6,uid://A001/X110/X1b1
20,uid://A001/X12a/X1cda,uid://A001/X10e/X126_4,uid://A001/X10e/X126
21,uid://A001/X12a/X45,uid://A001/X10b/X41_1,uid://A001/X10b/X41
22,uid://A001/X12a/X43,uid://A001/X10b/X41_1,uid://A001/X10b/X41
23,uid://A001/X12a/X44,uid://A001/X10b/X41_1,uid://A001/X10b/X41
24,uid://A001/X12a/X659,uid://A001/X10f/X232_2,uid://A001/X10f/X232
25,uid://A001/X12a/X15a7,uid://A001/X10b/X9b_2,uid://A001/X10b/X9b
26,uid://A001/X12a/X2f8,uid://A001/X110/X13f_1,uid://A001/X110/X13f
27,uid://A001/X12a/X2f7,uid://A001/X110/X13f_1,uid://A001/X110/X13f
28,uid://A001/X12a/X2f6,uid://A001/X110/X13f_1,uid://A001/X110/X13f
29,uid://A001/X12a/X2f9,uid://A001/X110/X13f_1,uid://A001/X110/X13f
30,uid://A001/X12a/Xb3d,uid://A001/X10f/X6d9_1,uid://A001/X10f/X6d9
31,uid://A001/X12a/X1b72,uid://A001/X10f/X93_2,uid://A001/X10f/X93
32,uid://A001/X12a/X1b71,uid://A001/X10f/X93_2,uid://A001/X10f/X93
33,uid://A001/X12a/X1b73,uid://A001/X10f/X93_2,uid://A001/X10f/X93
34,uid://A001/X12a/Xcbf,uid://A001/X10e/X7a1_2,uid://A001/X10e/X7a1
35,uid://A001/X12a/X19c8,uid://A001/X113/X56c_3,uid://A001/X113/X56c
36,uid://A001/X12a/X9a4,uid://A001/X10f/X2f2_3,uid://A001/X10f/X2f2
37,uid://A001/X12a/X1804,uid://A001/X10f/X789_1,uid://A001/X10f/X789
38,uid://A001/X12a/X1803,uid://A001/X10f/X789_1,uid://A001/X10f/X789
39,uid://A001/X12a/X1802,uid://A001/X10f/X789_1,uid://A001/X10f/X789
40,uid://A001/X12a/X11f9,uid://A001/X113/Xd5_3,uid://A001/X113/Xd5
41,uid://A001/X12a/X156a,uid://A001/X113/X12c_2,uid://A001/X113/X12c
42,uid://A001/X12a/X69c,uid://A001/X10b/Xec_4,uid://A001/X10b/Xec
43,uid://A001/X12a/X1a67,uid://A001/X113/X62c_5,uid://A001/X113/X62c
44,uid://A001/X12a/X1a66,uid://A001/X113/X62c_5,uid://A001/X113/X62c
45,uid://A001/X12a/X1a68,uid://A001/X113/X62c_5,uid://A001/X113/X62c
46,uid://A001/X12a/X6c1,uid://A001/X110/X1bf_2,uid://A001/X110/X1bf
47,uid://A001/X12a/X1fc,uid://A001/X10f/X1c4_1,uid://A001/X10f/X1c4
48,uid://A001/X12a/X1fb,uid://A001/X10f/X1c4_1,uid://A001/X10f/X1c4
49,uid://A001/X12a/X1fd,uid://A001/X10f/X1c4_1,uid://A001/X10f/X1c4
50,uid://A001/X12a/X600,uid://A001/X10f/X6a0_1,uid://A001/X10f/X6a0
51,uid://A001/X12a/X17c3,uid://A001/X10f/X76f_1,uid://A001/X10f/X76f
52,uid://A001/X12a/X5e2,uid://A001/X10f/X21d_1,uid://A001/X10f/X21d
55,uid://A001/X12a/X5e4,uid://A001/X10f/X21d_3,uid://A001/X10f/X21d
56,uid://A001/X12a/X3cd,uid://A001/X110/X17e_1,uid://A001/X110/X17e
57,uid://A001/X12a/Xbfa,uid://A001/X10f/X37f_2,uid://A001/X10f/X37f
58,uid://A001/X12a/Xd60,uid://A002/X74f48c/X1_4,uid://A002/X74f48c/X1
59,uid://A001/X12a/Xd5d,uid://A002/X74f48c/X1_4,uid://A002/X74f48c/X1
60,uid://A001/X12a/Xd5f,uid://A002/X74f48c/X1_4,uid://A002/X74f48c/X1
61,uid://A001/X12a/Xd5e,uid://A002/X74f48c/X1_4,uid://A002/X74f48c/X1
62,uid://A001/X12a/X1dc,uid://A001/X110/X89_2,uid://A001/X110/X89
63,uid://A001/X12a/X49,uid://A001/X10b/X47_1,uid://A001/X10b/X47
64,uid://A001/X12a/X5ce,uid://A001/X10e/X216_2,uid://A001/X10e/X216
65,uid://A001/X12a/X5cd,uid://A001/X10e/X216_2,uid://A001/X10e/X216
66,uid://A001/X12a/X166e,uid://A001/X112/X1ad_3,uid://A001/X112/X1ad
67,uid://A001/X12a/X166c,uid://A001/X112/X1ad_1,uid://A001/X112/X1ad
68,uid://A001/X12a/X7a9,uid://A001/X111/X1c8_2,uid://A001/X111/X1c8
71,uid://A001/X12a/X7a7,uid://A001/X111/X1c8_4,uid://A001/X111/X1c8
72,uid://A001/X12a/X1d0,uid://A001/X10f/X1b2_1,uid://A001/X10f/X1b2
73,uid://A001/X12a/X1d2,uid://A001/X10f/X1b2_1,uid://A001/X10f/X1b2
74,uid://A001/X12a/X1d1,uid://A001/X10f/X1b2_1,uid://A001/X10f/X1b2
75,uid://A001/X12a/X1026,uid://A001/X112/X36_2,uid://A001/X112/X36
76,uid://A001/X12a/X1025,uid://A001/X112/X36_2,uid://A001/X112/X36
77,uid://A001/X12a/X1027,uid://A001/X112/X36_2,uid://A001/X112/X36
78,uid://A001/X12a/X3b2,uid://A001/X110/X171_1,uid://A001/X110/X171
79,uid://A001/X12a/Xd57,uid://A002/X74f48c/X1_1,uid://A002/X74f48c/X1
82,uid://A001/X12a/Xd5b,uid://A002/X74f48c/X1_3,uid://A002/X74f48c/X1
84,uid://A001/X12a/Xd5a,uid://A002/X74f48c/X1_3,uid://A002/X74f48c/X1
86,uid://A001/X12a/Xd5c,uid://A002/X74f48c/X1_3,uid://A002/X74f48c/X1
88,uid://A001/X12a/Xd59,uid://A002/X74f48c/X1_3,uid://A002/X74f48c/X1
89,uid://A001/X12a/X6b8,uid://A001/X110/X1b1_11,uid://A001/X110/X1b1
90,uid://A001/X12a/X166f,uid://A001/X112/X1ad_4,uid://A001/X112/X1ad
91,uid://A001/X12a/Xf37,uid://A001/X10c/Xd7_3,uid://A001/X10c/Xd7
92,uid://A001/X12a/Xf36,uid://A001/X10c/Xd7_3,uid://A001/X10c/Xd7
93,uid://A001/X12a/Xf35,uid://A001/X10c/Xd7_3,uid://A001/X10c/Xd7
94,uid://A001/X12a/X424,uid://A001/X112/X2b9_2,uid://A001/X112/X2b9
95,uid://A001/X12a/X5a9,uid://A001/X10f/X690_4,uid://A001/X10f/X690
96,uid://A001/X12a/X122e,uid://A001/X112/Xec_2,uid://A001/X112/Xec
97,uid://A001/X12a/X613,uid://A001/X111/Xb5_4,
98,uid://A001/X12a/X612,uid://A001/X111/Xb5_4,
99,uid://A001/X12a/X611,uid://A001/X111/Xb5_4,
100,uid://A001/X12a/X176e,uid://A001/X110/X81_5,uid://A001/X110/X81
101,uid://A001/X12a/X180c,uid://A001/X10f/X789_4,uid://A001/X10f/X789
102,uid://A001/X12a/X180b,uid://A001/X10f/X789_4,uid://A001/X10f/X789
103,uid://A001/X12a/X180d,uid://A001/X10f/X789_4,uid://A001/X10f/X789
104,uid://A001/X12a/Xeba,uid://A001/X10f/X486_3,uid://A001/X10f/X486
105,uid://A001/X12a/X832,uid://A001/X10f/X2a1_2,uid://A001/X10f/X2a1
106,uid://A001/X12a/Xe79,uid://A001/X10c/X78_2,uid://A001/X10c/X78
107,uid://A001/X12a/X56,uid://A001/X10f/X159_1,uid://A001/X10f/X159
108,uid://A001/X12a/X581,uid://A001/X112/X3f1_1,uid://A001/X112/X3f1
109,uid://A001/X12a/X119e,uid://A001/X10f/X908_1,uid://A001/X10f/X908
110,uid://A001/X12a/X193,uid://A001/X10c/X14c_1,uid://A001/X10c/X14c
111,uid://A001/X12a/X190,uid://A001/X10c/X14c_1,uid://A001/X10c/X14c
112,uid://A001/X12a/X191,uid://A001/X10c/X14c_1,uid://A001/X10c/X14c
113,uid://A001/X12a/X192,uid://A001/X10c/X14c_1,uid://A001/X10c/X14c
114,uid://A001/X12a/X19a2,uid://A001/X10b/X6f_4,uid://A001/X10b/X6f
115,uid://A001/X12a/X1254,uid://A001/X112/X414_4,uid://A001/X112/X414
116,uid://A001/X12a/X1bf5,uid://A001/X10e/X67_1,uid://A001/X10e/X67
119,uid://A001/X12a/X1bf4,uid://A001/X10e/X67_2,uid://A001/X10e/X67
120,uid://A001/X12a/X9bd,uid://A001/X10e/X33c_1,uid://A001/X10e/X33c
121,uid://A001/X12a/X122f,uid://A001/X112/Xec_3,uid://A001/X112/Xec
122,uid://A001/X12a/X9a3,uid://A001/X10f/X2f2_2,uid://A001/X10f/X2f2
123,uid://A001/X12a/X658,uid://A001/X10f/X232_1,uid://A001/X10f/X232
124,uid://A001/X12a/X1441,uid://A001/X10f/X555_1,uid://A001/X10f/X555
125,uid://A001/X12a/Xad6,uid://A001/X110/X2b8_1,uid://A001/X110/X2b8
126,uid://A001/X12a/Xad4,uid://A001/X110/X2b8_1,uid://A001/X110/X2b8
127,uid://A001/X12a/Xad5,uid://A001/X110/X2b8_1,uid://A001/X110/X2b8
128,uid://A001/X12a/X9a6,uid://A001/X10f/X2f2_5,uid://A001/X10f/X2f2
129,uid://A001/X12a/X1335,uid://A001/X113/X276_2,uid://A001/X113/X276
130,uid://A001/X12a/X57,uid://A001/X10f/X159_2,uid://A001/X10f/X159
131,uid://A001/X12a/X1226,uid://A001/X106/X26_5,uid://A001/X106/X26
132,uid://A001/X12a/X93d,uid://A001/X10d/Xd_3,uid://A001/X10d/Xd
133,uid://A001/X12a/X122d,uid://A001/X112/Xec_1,uid://A001/X112/Xec
134,uid://A001/X12a/Xc02,uid://A001/X10f/X386_3,uid://A001/X10f/X386
135,uid://A001/X12a/X11f7,uid://A001/X113/Xd5_1,uid://A001/X113/Xd5
136,uid://A001/X12a/X187,uid://A001/X10c/X146_1,uid://A001/X10c/X146
137,uid://A001/X12a/X176a,uid://A001/X110/X81_1,uid://A001/X110/X81
138,uid://A001/X12a/X619,uid://A001/X10e/X6e8_4,uid://A001/X10e/X6e8
139,uid://A001/X12a/Xb9e,uid://A001/X10f/X358_2,uid://A001/X10f/X358
140,uid://A001/X12a/X817,uid://A001/X110/X240_1,uid://A001/X110/X240
141,uid://A001/X12a/X197a,uid://A001/X10f/X951_1,uid://A001/X10f/X951
142,uid://A001/X12a/Xbfd,uid://A001/X10f/X37f_5,uid://A001/X10f/X37f
143,uid://A001/X12a/X65b,uid://A001/X10f/X232_4,uid://A001/X10f/X232
144,uid://A001/X12a/X1af4,uid://A001/X10e/X615_2,uid://A001/X10e/X615
145,uid://A001/X12a/X1af3,uid://A001/X10e/X615_2,uid://A001/X10e/X615
146,uid://A001/X12a/X1af2,uid://A001/X10e/X615_2,uid://A001/X10e/X615
147,uid://A001/X12a/X1a64,uid://A001/X113/X62c_4,uid://A001/X113/X62c
148,uid://A001/X12a/X1a63,uid://A001/X113/X62c_4,uid://A001/X113/X62c
149,uid://A001/X12a/X1a65,uid://A001/X113/X62c_4,uid://A001/X113/X62c
150,uid://A001/X12a/X166,uid://A001/X10f/X7d9_2,uid://A001/X10f/X7d9
151,uid://A001/X12a/X18b8,uid://A001/X112/X330_1,uid://A001/X112/X330
152,uid://A001/X12a/X18b9,uid://A001/X112/X330_1,uid://A001/X112/X330
153,uid://A001/X12a/X18ba,uid://A001/X112/X330_1,uid://A001/X112/X330
154,uid://A001/X12a/X1bff,uid://A001/X10e/X76_1,uid://A001/X10e/X76
155,uid://A001/X12a/X1bfe,uid://A001/X10e/X76_1,uid://A001/X10e/X76
156,uid://A001/X12a/X534,uid://A001/X10e/X6b3_1,uid://A001/X10e/X6b3
157,uid://A001/X12a/Xc47,uid://A001/X10f/X868_1,uid://A001/X10f/X868
158,uid://A001/X12a/X18a0,uid://A001/X112/X2fa_1,uid://A001/X112/X2fa
159,uid://A001/X12a/Xec3,uid://A001/X10d/X5c_4,uid://A001/X10d/X5c
160,uid://A001/X12a/X1709,uid://A001/X111/X75_3,uid://A001/X111/X75
161,uid://A001/X12a/X1256,uid://A001/X112/X414_6,uid://A001/X112/X414
162,uid://A001/X12a/X10f4,uid://A001/X10d/X7c_1,uid://A001/X10d/X7c
163,uid://A001/X12a/X6ae,uid://A001/X110/X1b1_1,uid://A001/X110/X1b1
164,uid://A001/X12a/X19a1,uid://A001/X10b/X6f_3,uid://A001/X10b/X6f
165,uid://A001/X12a/X18a1,uid://A001/X112/X2fa_2,uid://A001/X112/X2fa
166,uid://A001/X12a/X65a,uid://A001/X10f/X232_3,uid://A001/X10f/X232
167,uid://A001/X12a/X1af0,uid://A001/X10e/X615_1,uid://A001/X10e/X615
168,uid://A001/X12a/X1aef,uid://A001/X10e/X615_1,uid://A001/X10e/X615
169,uid://A001/X12a/X1aee,uid://A001/X10e/X615_1,uid://A001/X10e/X615
170,uid://A001/X12a/X1af1,uid://A001/X10e/X615_1,uid://A001/X10e/X615
171,uid://A001/X12a/X19f1,uid://A001/X112/X54b_1,uid://A001/X112/X54b
172,uid://A001/X12a/X1230,uid://A001/X112/Xec_4,uid://A001/X112/Xec
173,uid://A001/X12a/Xa5b,uid://A001/X10e/X945_2,uid://A001/X10e/X945
174,uid://A001/X12a/X9a7,uid://A001/X10f/X2f2_6,uid://A001/X10f/X2f2
175,uid://A001/X12a/X165,uid://A001/X10f/X7d9_1,uid://A001/X10f/X7d9
176,uid://A001/X12a/Xb9d,uid://A001/X10f/X358_1,uid://A001/X10f/X358
177,uid://A001/X12a/X6c0,uid://A001/X110/X1bf_1,uid://A001/X110/X1bf
178,uid://A001/X12a/X11a0,uid://A001/X10f/X908_3,uid://A001/X10f/X908
179,uid://A001/X12a/X80d,uid://A001/X111/X26e_1,uid://A001/X111/X26e
180,uid://A001/X12a/X4a,uid://A001/X10b/X47_2,uid://A001/X10b/X47
181,uid://A001/X12a/Xef8,uid://A001/X10c/Xc7_1,uid://A001/X10c/Xc7
182,uid://A001/X12a/Xbe9,uid://A001/X10e/X3bf_1,uid://A001/X10e/X3bf
183,uid://A001/X12a/X19c7,uid://A001/X113/X56c_2,uid://A001/X113/X56c
184,uid://A001/X12a/X1811,uid://A001/X10f/X789_6,uid://A001/X10f/X789
185,uid://A001/X12a/X1812,uid://A001/X10f/X789_6,uid://A001/X10f/X789
186,uid://A001/X12a/X1813,uid://A001/X10f/X789_6,uid://A001/X10f/X789
187,uid://A001/X12a/Xb3e,uid://A001/X10f/X6d9_2,uid://A001/X10f/X6d9
188,uid://A001/X12a/Xa5a,uid://A001/X10e/X945_1,uid://A001/X10e/X945
189,uid://A001/X12a/Xf33,uid://A001/X10c/Xd7_1,uid://A001/X10c/Xd7
190,uid://A001/X12a/Xc01,uid://A001/X10f/X386_2,uid://A001/X10f/X386
191,uid://A001/X12a/Xec2,uid://A001/X10d/X5c_3,uid://A001/X10d/X5c
192,uid://A001/X12a/X617,uid://A001/X10e/X6e8_2,uid://A001/X10e/X6e8
193,uid://A001/X12a/Xc8b,uid://A001/X10f/X3ad_2,uid://A001/X10f/X3ad
194,uid://A001/X12a/X813,uid://A001/X10e/X2ba_1,uid://A001/X10e/X2ba
195,uid://A001/X12a/X1b7d,uid://A001/X10e/X96_1,uid://A001/X10e/X96
196,uid://A001/X12a/X24c,uid://A001/X111/Xe6_2,uid://A001/X111/Xe6
197,uid://A001/X12a/X24e,uid://A001/X111/Xe6_2,uid://A001/X111/Xe6
198,uid://A001/X12a/X24d,uid://A001/X111/Xe6_2,uid://A001/X111/Xe6
199,uid://A001/X12a/X1157,uid://A001/X113/X2e_2,uid://A001/X113/X2e
200,uid://A001/X12a/Xf38,uid://A001/X10c/Xd7_4,uid://A001/X10c/Xd7
201,uid://A001/X12a/X5ae,uid://A001/X110/Xa2_3,uid://A001/X110/Xa2
202,uid://A001/X12a/X1255,uid://A001/X112/X414_5,uid://A001/X112/X414
203,uid://A001/X12a/Xec5,uid://A001/X10d/X5c_6,uid://A001/X10d/X5c
204,uid://A001/X12a/X61b,uid://A001/X10e/X6e8_6,uid://A001/X10e/X6e8
205,uid://A001/X12a/X6b2,uid://A001/X110/X1b1_5,uid://A001/X110/X1b1
206,uid://A001/X12a/Xea5,uid://A001/X10c/X92_2,uid://A001/X10c/X92
207,uid://A001/X12a/X1627,uid://A001/X10a/Xa0_1,uid://A001/X10a/Xa0
208,uid://A001/X12a/X6af,uid://A001/X110/X1b1_2,uid://A001/X110/X1b1
209,uid://A001/X12a/X2be,uid://A001/X10f/X1d8_1,uid://A001/X10f/X1d8
210,uid://A001/X12a/X1b6f,uid://A001/X10f/X93_1,uid://A001/X10f/X93
211,uid://A001/X12a/X1b6e,uid://A001/X10f/X93_1,uid://A001/X10f/X93
212,uid://A001/X12a/X1b70,uid://A001/X10f/X93_1,uid://A001/X10f/X93
213,uid://A001/X12a/Xabf,uid://A001/X110/X2af_1,uid://A001/X110/X2af
214,uid://A001/X12a/Xbfb,uid://A001/X10f/X37f_3,uid://A001/X10f/X37f
215,uid://A001/X12a/X102c,uid://A001/X112/X36_4,uid://A001/X112/X36
216,uid://A001/X12a/X102d,uid://A001/X112/X36_4,uid://A001/X112/X36
217,uid://A001/X12a/X102b,uid://A001/X112/X36_4,uid://A001/X112/X36
218,uid://A001/X12a/X1809,uid://A001/X10f/X789_3,uid://A001/X10f/X789
219,uid://A001/X12a/X180a,uid://A001/X10f/X789_3,uid://A001/X10f/X789
220,uid://A001/X12a/X1808,uid://A001/X10f/X789_3,uid://A001/X10f/X789
221,uid://A001/X12a/X145,uid://A001/X110/Xc5_1,uid://A001/X110/Xc5
222,uid://A001/X12a/X197c,uid://A001/X10f/X951_3,uid://A001/X10f/X951
223,uid://A001/X12a/X107a,uid://A001/X10e/X4d7_1,uid://A001/X10e/X4d7
224,uid://A001/X12a/X1078,uid://A001/X10e/X4d7_1,uid://A001/X10e/X4d7
225,uid://A001/X12a/X1079,uid://A001/X10e/X4d7_1,uid://A001/X10e/X4d7
226,uid://A001/X12a/X19b7,uid://A001/X10a/X70_1,uid://A001/X10a/X70
227,uid://A001/X12a/X5b1,uid://A001/X110/Xa2_6,uid://A001/X110/Xa2
228,uid://A001/X12a/Xa53,uid://A001/X10c/X22_2,uid://A001/X10c/X22
229,uid://A001/X12a/Xc8c,uid://A001/X10f/X3ad_3,uid://A001/X10f/X3ad
230,uid://A001/X12a/X1778,uid://A001/X111/X8d_1,uid://A001/X111/X8d
233,uid://A001/X12a/X177c,uid://A001/X111/X8d_5,uid://A001/X111/X8d
234,uid://A001/X12a/X1aab,uid://A001/X10e/Xf_4,uid://A001/X10e/Xf
235,uid://A001/X12a/X176b,uid://A001/X110/X81_2,uid://A001/X110/X81
236,uid://A001/X12a/Xac0,uid://A001/X110/X2af_2,uid://A001/X110/X2af
237,uid://A001/X12a/X814,uid://A001/X10e/X2ba_2,uid://A001/X10e/X2ba
238,uid://A001/X12a/X1236,uid://A001/X108/X1_1,uid://A001/X108/X1
239,uid://A001/X12a/X1239,uid://A001/X108/X1_1,uid://A001/X108/X1
240,uid://A001/X12a/X1238,uid://A001/X108/X1_1,uid://A001/X108/X1
241,uid://A001/X12a/X1237,uid://A001/X108/X1_1,uid://A001/X108/X1
242,uid://A001/X12a/X5af,uid://A001/X110/Xa2_4,uid://A001/X110/Xa2
243,uid://A001/X12a/X81a,uid://A001/X110/X240_4,uid://A001/X110/X240
244,uid://A001/X12a/X1471,uid://A001/X10f/X563_2,uid://A001/X10f/X563
245,uid://A001/X12a/X1688,uid://A001/X10e/X5c2_2,uid://A001/X10e/X5c2
246,uid://A001/X12a/X1022,uid://A001/X112/X36_1,uid://A001/X112/X36
247,uid://A001/X12a/X1023,uid://A001/X112/X36_1,uid://A001/X112/X36
248,uid://A001/X12a/X1024,uid://A001/X112/X36_1,uid://A001/X112/X36
249,uid://A001/X12a/X5cc,uid://A001/X10e/X216_1,uid://A001/X10e/X216
250,uid://A001/X12a/X5cb,uid://A001/X10e/X216_1,uid://A001/X10e/X216
251,uid://A001/X12a/X249,uid://A001/X111/Xe6_1,uid://A001/X111/Xe6
252,uid://A001/X12a/X24b,uid://A001/X111/Xe6_1,uid://A001/X111/Xe6
253,uid://A001/X12a/X24a,uid://A001/X111/Xe6_1,uid://A001/X111/Xe6
254,uid://A001/X12a/X1cdc,uid://A001/X10e/X126_6,uid://A001/X10e/X126
255,uid://A001/X12a/X9a8,uid://A001/X10f/X2f2_7,uid://A001/X10f/X2f2
256,uid://A001/X12a/Xac2,uid://A001/X110/X2af_4,uid://A001/X110/X2af
257,uid://A001/X12a/X69a,uid://A001/X10b/Xec_2,uid://A001/X10b/Xec
258,uid://A001/X12a/X177b,uid://A001/X111/X8d_4,uid://A001/X111/X8d
259,uid://A001/X12a/X180e,uid://A001/X10f/X789_5,uid://A001/X10f/X789
260,uid://A001/X12a/X180f,uid://A001/X10f/X789_5,uid://A001/X10f/X789
261,uid://A001/X12a/X1810,uid://A001/X10f/X789_5,uid://A001/X10f/X789
262,uid://A001/X12a/X1156,uid://A001/X113/X2e_1,uid://A001/X113/X2e
263,uid://A001/X12a/X7f0,uid://A001/X110/X22a_2,uid://A001/X110/X22a
264,uid://A001/X12a/X6b5,uid://A001/X110/X1b1_8,uid://A001/X110/X1b1
265,uid://A001/X12a/X1b7e,uid://A001/X10e/X96_2,uid://A001/X10e/X96
266,uid://A001/X12a/X1cd8,uid://A001/X10e/X126_2,uid://A001/X10e/X126
267,uid://A001/X12a/X15a9,uid://A001/X10b/X9b_4,uid://A001/X10b/X9b
268,uid://A001/X12a/X818,uid://A001/X110/X240_2,uid://A001/X110/X240
269,uid://A001/X12a/X1982,uid://A001/X10f/X95a_2,uid://A001/X10f/X95a
270,uid://A001/X12a/X1b95,uid://A001/X10f/X258_1,uid://A001/X10f/X258
271,uid://A001/X12a/X1b96,uid://A001/X10f/X258_1,uid://A001/X10f/X258
272,uid://A001/X12a/X203,uid://A001/X10e/X1ab_1,uid://A001/X10e/X1ab
273,uid://A001/X12a/X1bf7,uid://A001/X10e/X67_3,uid://A001/X10e/X67
276,uid://A001/X12a/X1bf6,uid://A001/X10e/X67_4,uid://A001/X10e/X67
277,uid://A001/X12a/X1251,uid://A001/X112/X414_1,uid://A001/X112/X414
278,uid://A001/X12a/X5ad,uid://A001/X110/Xa2_2,uid://A001/X110/Xa2
279,uid://A001/X12a/X155e,uid://A001/X111/X1_2,uid://A001/X111/X1
280,uid://A001/X12a/X155d,uid://A001/X111/X1_2,uid://A001/X111/X1
281,uid://A001/X12a/X155c,uid://A001/X111/X1_2,uid://A001/X111/X1
282,uid://A001/X12a/X731,uid://A001/X110/X1df_3,uid://A001/X110/X1df
283,uid://A001/X12a/X69f,uid://A001/X110/Xfe_1,uid://A001/X110/Xfe
284,uid://A001/X12a/X2c1,uid://A001/X10f/X1d8_4,uid://A001/X10f/X1d8
285,uid://A001/X12a/Xeb8,uid://A001/X10f/X486_1,uid://A001/X10f/X486
286,uid://A001/X12a/X1594,uid://A001/X10d/Xad_1,uid://A001/X10d/Xad
287,uid://A001/X12a/Xac1,uid://A001/X110/X2af_3,uid://A001/X110/X2af
288,uid://A001/X12a/X19b9,uid://A001/X10a/X70_3,uid://A001/X10a/X70
289,uid://A001/X12a/X5e3,uid://A001/X10f/X21d_2,uid://A001/X10f/X21d
290,uid://A001/X12a/Xebc,uid://A001/X10f/X486_5,uid://A001/X10f/X486
291,uid://A001/X12a/X1833,uid://A001/X113/X1f9_6,uid://A001/X113/X1f9
292,uid://A001/X12a/X10e6,uid://A001/X112/X9f_4,uid://A001/X112/X9f
293,uid://A001/X12a/X3b3,uid://A001/X110/X171_2,uid://A001/X110/X171
295,uid://A001/X12a/X60f,uid://A001/X111/Xb5_3,uid://A001/X111/Xb5
297,uid://A001/X12a/X610,uid://A001/X111/Xb5_3,uid://A001/X111/Xb5
299,uid://A001/X12a/X60e,uid://A001/X111/Xb5_3,uid://A001/X111/Xb5
300,uid://A001/X12a/X60c,uid://A001/X111/Xb5_1,uid://A001/X111/Xb5
302,uid://A001/X12a/X166d,uid://A001/X112/X1ad_2,uid://A001/X112/X1ad
303,uid://A001/X12a/X685,uid://A001/X10f/X238_3,uid://A001/X10f/X238
304,uid://A001/X12a/X2bf,uid://A001/X10f/X1d8_2,uid://A001/X10f/X1d8
305,uid://A001/X12a/X2c0,uid://A001/X10f/X1d8_3,uid://A001/X10f/X1d8
306,uid://A001/X12a/X810,uid://A001/X111/X26e_4,uid://A001/X111/X26e
307,uid://A001/X12a/X1472,uid://A001/X10f/X563_3,uid://A001/X10f/X563
308,uid://A001/X12a/X1338,uid://A001/X113/X27c_1,uid://A001/X113/X27c
309,uid://A001/X12a/X1830,uid://A001/X113/X1f9_3,uid://A001/X113/X1f9
310,uid://A001/X12a/Xba0,uid://A001/X10f/X358_4,uid://A001/X10f/X358
311,uid://A001/X12a/X19b8,uid://A001/X10a/X70_2,uid://A001/X10a/X70
312,uid://A001/X12a/X14d0,uid://A001/X10e/X597_1,uid://A001/X10e/X597
313,uid://A001/X12a/Xa5f,uid://A001/X10e/X945_6,uid://A001/X10e/X945
314,uid://A001/X12a/Xd92,uid://A001/X10f/X72d_2,uid://A001/X10f/X72d
315,uid://A001/X12a/X1a5a,uid://A001/X113/X62c_1,uid://A001/X113/X62c
316,uid://A001/X12a/X1a5b,uid://A001/X113/X62c_1,uid://A001/X113/X62c
317,uid://A001/X12a/X1a5c,uid://A001/X113/X62c_1,uid://A001/X113/X62c
318,uid://A001/X12a/X5a8,uid://A001/X10f/X690_3,uid://A001/X10f/X690
319,uid://A001/X12a/X19bb,uid://A001/X10a/X70_5,uid://A001/X10a/X70
320,uid://A001/X12a/X428,uid://A001/X113/X321_2,uid://A001/X113/X321
321,uid://A001/X12a/Xec1,uid://A001/X10d/X5c_2,uid://A001/X10d/X5c
322,uid://A001/X12a/Xcbe,uid://A001/X10e/X7a1_1,uid://A001/X10e/X7a1
323,uid://A001/X12a/X119f,uid://A001/X10f/X908_2,uid://A001/X10f/X908
324,uid://A001/X12a/X10d0,uid://A001/X113/X94_3,uid://A001/X113/X94
325,uid://A001/X12a/X17fe,uid://A001/X113/X1d5_3,uid://A001/X113/X1d5
326,uid://A001/X12a/X1806,uid://A001/X10f/X789_2,uid://A001/X10f/X789
327,uid://A001/X12a/X1807,uid://A001/X10f/X789_2,uid://A001/X10f/X789
328,uid://A001/X12a/X1805,uid://A001/X10f/X789_2,uid://A001/X10f/X789
329,uid://A001/X12a/X1981,uid://A001/X10f/X95a_1,uid://A001/X10f/X95a
330,uid://A001/X12a/X1708,uid://A001/X111/X75_2,uid://A001/X111/X75
331,uid://A001/X12a/X1c96,uid://A001/X10f/X124_1,uid://A001/X10f/X124
332,uid://A001/X12a/X3ca,uid://A001/X110/X178_2,uid://A001/X110/X178
333,uid://A001/X12a/X7a6,uid://A001/X111/X1c8_1,uid://A001/X111/X1c8
336,uid://A001/X12a/X7a8,uid://A001/X111/X1c8_3,uid://A001/X111/X1c8
337,uid://A001/X12a/X1222,uid://A001/X106/X26_1,uid://A001/X106/X26
338,uid://A001/X12a/Xb62,uid://A001/X10f/X6ec_3,uid://A001/X10f/X6ec
339,uid://A001/X12a/X42a,uid://A001/X113/X321_4,uid://A001/X113/X321
340,uid://A001/X12a/X1834,uid://A001/X113/X1f9_7,uid://A001/X113/X1f9
341,uid://A001/X12a/Xc11,uid://A001/X10e/X3cc_1,uid://A001/X10e/X3cc
342,uid://A001/X12a/X423,uid://A001/X112/X2b9_1,uid://A001/X112/X2b9
343,uid://A001/X12a/X1c6d,uid://A001/X10e/Xd6_2,uid://A001/X10e/Xd6
344,uid://A001/X12a/X1cd7,uid://A001/X10e/X126_1,uid://A001/X10e/X126
345,uid://A001/X12a/X1aa9,uid://A001/X10e/Xf_2,uid://A001/X10e/Xf
346,uid://A001/X12a/X156c,uid://A001/X113/X12c_4,uid://A001/X113/X12c
347,uid://A001/X12a/Xb9f,uid://A001/X10f/X358_3,uid://A001/X10f/X358
348,uid://A001/X12a/X10d1,uid://A001/X113/X94_4,uid://A001/X113/X94
349,uid://A001/X12a/X19a0,uid://A001/X10b/X6f_2,uid://A001/X10b/X6f
350,uid://A001/X12a/X16c2,uid://A001/X10e/X5cf_1,uid://A001/X10e/X5cf
351,uid://A001/X12a/X16c3,uid://A001/X10e/X5cf_1,uid://A001/X10e/X5cf
352,uid://A001/X12a/X16c1,uid://A001/X10e/X5cf_1,uid://A001/X10e/X5cf
353,uid://A001/X12a/X427,uid://A001/X113/X321_1,uid://A001/X113/X321
354,uid://A001/X12a/X819,uid://A001/X110/X240_3,uid://A001/X110/X240
355,uid://A001/X12a/X61c,uid://A001/X10e/X6e8_7,uid://A001/X10e/X6e8
356,uid://A001/X12a/X152d,uid://A001/X10a/Xc2_2,uid://A001/X10a/Xc2
357,uid://A001/X12a/X1470,uid://A001/X10f/X563_1,uid://A001/X10f/X563
358,uid://A001/X12a/X1aa8,uid://A001/X10e/Xf_1,uid://A001/X10e/Xf
359,uid://A001/X12a/X1831,uid://A001/X113/X1f9_4,uid://A001/X113/X1f9
360,uid://A001/X12a/X69b,uid://A001/X10b/Xec_3,uid://A001/X10b/Xec
361,uid://A001/X12a/X1233,uid://A001/X113/Xf5_1,uid://A001/X113/Xf5
362,uid://A001/X12a/X1559,uid://A001/X111/X1_1,uid://A001/X111/X1
363,uid://A001/X12a/X155a,uid://A001/X111/X1_1,uid://A001/X111/X1
364,uid://A001/X12a/X155b,uid://A001/X111/X1_1,uid://A001/X111/X1
365,uid://A001/X12a/X1a60,uid://A001/X113/X62c_3,uid://A001/X113/X62c
366,uid://A001/X12a/X1a61,uid://A001/X113/X62c_3,uid://A001/X113/X62c
367,uid://A001/X12a/X1a62,uid://A001/X113/X62c_3,uid://A001/X113/X62c
368,uid://A001/X12a/X1680,uid://A001/X112/X1cf_1,uid://A001/X112/X1cf
369,uid://A001/X12a/X1713,uid://A001/X10f/X5ad_1,uid://A001/X10f/X5ad
370,uid://A001/X12a/X1cdb,uid://A001/X10e/X126_5,uid://A001/X10e/X126
371,uid://A001/X12a/X1904,uid://A001/X113/X41f_1,uid://A001/X113/X41f
372,uid://A001/X12a/X1903,uid://A001/X113/X41f_1,uid://A001/X113/X41f
373,uid://A001/X12a/X1983,uid://A001/X10f/X95a_3,uid://A001/X10f/X95a
374,uid://A001/X12a/X93b,uid://A001/X10d/Xd_1,uid://A001/X10d/Xd
375,uid://A001/X12a/Xa52,uid://A001/X10c/X22_1,uid://A001/X10c/X22
376,uid://A001/X12a/X197e,uid://A001/X10f/X951_5,uid://A001/X10f/X951
377,uid://A001/X12a/Xa17,uid://A001/X113/X115_1,uid://A001/X113/X115
378,uid://A001/X12a/Xf34,uid://A001/X10c/Xd7_2,uid://A001/X10c/Xd7
379,uid://A001/X12a/X19c6,uid://A001/X113/X56c_1,uid://A001/X113/X56c
380,uid://A001/X12a/X618,uid://A001/X10e/X6e8_3,uid://A001/X10e/X6e8
381,uid://A001/X12a/Xb60,uid://A001/X10f/X6ec_1,uid://A001/X10f/X6ec
382,uid://A001/X12a/Xcb7,uid://A001/X10f/X722_1,uid://A001/X10f/X722
383,uid://A001/X12a/Xa5d,uid://A001/X10e/X945_4,uid://A001/X10e/X945
384,uid://A001/X12a/X153a,uid://A001/X10e/X953_1,uid://A001/X10e/X953
385,uid://A001/X12a/X1779,uid://A001/X111/X8d_2,uid://A001/X111/X8d
386,uid://A001/X12a/X17fc,uid://A001/X113/X1d5_1,uid://A001/X113/X1d5
387,uid://A001/X12a/Xebb,uid://A001/X10f/X486_4,uid://A001/X10f/X486
388,uid://A001/X12a/X1c54,uid://A001/X10e/Xb5_1,uid://A001/X10e/Xb5
389,uid://A001/X12a/X1223,uid://A001/X106/X26_2,uid://A001/X106/X26
390,uid://A001/X12a/Xa5e,uid://A001/X10e/X945_5,uid://A001/X10e/X945
391,uid://A001/X12a/Xb97,uid://A001/X10f/X34c_1,uid://A001/X10f/X34c
392,uid://A001/X12a/X699,uid://A001/X10b/Xec_1,uid://A001/X10b/Xec
393,uid://A001/X12a/X6b0,uid://A001/X110/X1b1_3,uid://A001/X110/X1b1
394,uid://A001/X12a/X19a3,uid://A001/X10b/X6f_5,uid://A001/X10b/X6f
395,uid://A001/X12a/X61a,uid://A001/X10e/X6e8_5,uid://A001/X10e/X6e8
396,uid://A001/X12a/Xcc0,uid://A001/X10e/X7a1_3,uid://A001/X10e/X7a1
397,uid://A001/X12a/X3c9,uid://A001/X110/X178_1,uid://A001/X110/X178
398,uid://A001/X12a/X19bc,uid://A001/X10a/X70_6,uid://A001/X10a/X70
399,uid://A001/X12a/Xbf9,uid://A001/X10f/X37f_1,uid://A001/X10f/X37f
400,uid://A001/X12a/X169e,uid://A001/X113/X1a1_1,uid://A001/X113/X1a1
401,uid://A001/X12a/X72f,uid://A001/X110/X1df_1,uid://A001/X110/X1df
402,uid://A001/X12a/X732,uid://A001/X110/X1df_4,uid://A001/X110/X1df
403,uid://A001/X12a/Xd58,uid://A002/X74f48c/X1_2,uid://A002/X74f48c/X1
404,uid://A001/X12a/Xc48,uid://A001/X10f/X868_2,uid://A001/X10f/X868
405,uid://A001/X12a/X182e,uid://A001/X113/X1f9_1,uid://A001/X113/X1f9
406,uid://A001/X12a/X1875,uid://A001/X112/X22a_1,uid://A001/X112/X22a
407,uid://A001/X12a/X1876,uid://A001/X112/X22a_1,uid://A001/X112/X22a
408,uid://A001/X12a/X1874,uid://A001/X112/X22a_1,uid://A001/X112/X22a
409,uid://A001/X12a/X429,uid://A001/X113/X321_3,uid://A001/X113/X321
410,uid://A001/X12a/X10ce,uid://A001/X113/X94_1,uid://A001/X113/X94
411,uid://A001/X12a/X1dd,uid://A001/X110/X89_3,uid://A001/X110/X89
412,uid://A001/X12a/X15a6,uid://A001/X10b/X9b_1,uid://A001/X10b/X9b
413,uid://A001/X12a/X15a8,uid://A001/X10b/X9b_3,uid://A001/X10b/X9b
414,uid://A001/X12a/X4be,uid://A001/X113/X3bc_1,uid://A001/X113/X3bc
415,uid://A001/X12a/X1c90,uid://A001/X10e/Xf5_1,uid://A001/X10e/Xf5
416,uid://A001/X12a/X6b1,uid://A001/X110/X1b1_4,uid://A001/X110/X1b1
417,uid://A001/X12a/Xc03,uid://A001/X10f/X386_4,uid://A001/X10f/X386
418,uid://A001/X12a/X1cd9,uid://A001/X10e/X126_3,uid://A001/X10e/X126
419,uid://A001/X12a/X80e,uid://A001/X111/X26e_2,uid://A001/X111/X26e
420,uid://A001/X12a/X16c6,uid://A001/X10e/X5cf_2,uid://A001/X10e/X5cf
421,uid://A001/X12a/X16c4,uid://A001/X10e/X5cf_2,uid://A001/X10e/X5cf
422,uid://A001/X12a/X16c5,uid://A001/X10e/X5cf_2,uid://A001/X10e/X5cf
423,uid://A001/X12a/Xa5c,uid://A001/X10e/X945_3,uid://A001/X10e/X945
424,uid://A001/X12a/X5b0,uid://A001/X110/Xa2_5,uid://A001/X110/Xa2
425,uid://A001/X12a/Xed8,uid://A001/X10c/Xba_1,uid://A001/X10c/Xba
426,uid://A001/X12a/X11fa,uid://A001/X113/Xd5_4,uid://A001/X113/Xd5
427,uid://A001/X12a/Xea4,uid://A001/X10c/X92_1,uid://A001/X10c/X92
428,uid://A001/X12a/Xeab,uid://A001/X10c/X9e_1,uid://A001/X10c/X9e
429,uid://A001/X12a/X3f8,uid://A001/X113/X2f9_1,uid://A001/X113/X2f9
430,uid://A001/X12a/X5a7,uid://A001/X10f/X690_2,uid://A001/X10f/X690
431,uid://A001/X12a/X156e,uid://A001/X113/X12c_6,uid://A001/X113/X12c
432,uid://A001/X12a/X1c55,uid://A001/X10e/Xb5_2,uid://A001/X10e/Xb5
433,uid://A001/X12a/X2bb,uid://A001/X10f/X803_1,uid://A001/X10f/X803
434,uid://A001/X12a/X831,uid://A001/X10f/X2a1_1,uid://A001/X10f/X2a1
435,uid://A001/X12a/X156d,uid://A001/X113/X12c_5,uid://A001/X113/X12c
436,uid://A001/X12a/X10e5,uid://A001/X112/X9f_3,uid://A001/X112/X9f
437,uid://A001/X12a/X199f,uid://A001/X10b/X6f_1,uid://A001/X10b/X6f
438,uid://A001/X12a/X184f,uid://A001/X113/X21c_2,uid://A001/X113/X21c
439,uid://A001/X12a/X5ac,uid://A001/X110/Xa2_1,uid://A001/X110/Xa2
440,uid://A001/X12a/X1442,uid://A001/X10f/X555_2,uid://A001/X10f/X555
441,uid://A001/X12a/X1db,uid://A001/X110/X89_1,uid://A001/X110/X89
442,uid://A001/X12a/X6ea,uid://A001/X10e/X256_1,uid://A001/X10e/X256
443,uid://A001/X12a/X10cf,uid://A001/X113/X94_2,uid://A001/X113/X94
444,uid://A001/X12a/X152c,uid://A001/X10a/Xc2_1,uid://A001/X10a/Xc2
445,uid://A001/X12a/X17fd,uid://A001/X113/X1d5_2,uid://A001/X113/X1d5
446,uid://A001/X12a/X6b6,uid://A001/X110/X1b1_9,uid://A001/X110/X1b1
447,uid://A001/X12a/X5a6,uid://A001/X10f/X690_1,uid://A001/X10f/X690
448,uid://A001/X12a/X3b4,uid://A001/X110/X171_3,uid://A001/X110/X171
449,uid://A001/X12a/X1257,uid://A001/X112/X414_7,uid://A001/X112/X414
450,uid://A001/X12a/X80f,uid://A001/X111/X26e_3,uid://A001/X111/X26e
451,uid://A001/X12a/X1c86,uid://A001/X10f/X112_1,uid://A001/X10f/X112
452,uid://A001/X12a/X1687,uid://A001/X10e/X5c2_1,uid://A001/X10e/X5c2
453,uid://A001/X12a/X189,uid://A001/X10c/X146_3,uid://A001/X10c/X146
454,uid://A001/X12a/X1028,uid://A001/X112/X36_3,uid://A001/X112/X36
455,uid://A001/X12a/X102a,uid://A001/X112/X36_3,uid://A001/X112/X36
456,uid://A001/X12a/X1029,uid://A001/X112/X36_3,uid://A001/X112/X36
457,uid://A001/X12a/X10e3,uid://A001/X112/X9f_1,uid://A001/X112/X9f
458,uid://A001/X12a/X182f,uid://A001/X113/X1f9_2,uid://A001/X113/X1f9
459,uid://A001/X12a/X45b,uid://A001/X110/X1d7_1,uid://A001/X110/X1d7
460,uid://A001/X12a/X176c,uid://A001/X110/X81_3,uid://A001/X110/X81
461,uid://A001/X12a/X11f8,uid://A001/X113/Xd5_2,uid://A001/X113/Xd5
462,uid://A001/X12a/Xd91,uid://A001/X10f/X72d_1,uid://A001/X10f/X72d
463,uid://A001/X12a/X197d,uid://A001/X10f/X951_4,uid://A001/X10f/X951
464,uid://A001/X12a/Xec4,uid://A001/X10d/X5c_5,uid://A001/X10d/X5c
465,uid://A001/X12a/X2b1,uid://A001/X110/X125_1,uid://A001/X110/X125
466,uid://A001/X12a/Xe78,uid://A001/X10c/X78_1,uid://A001/X10c/X78
467,uid://A001/X12a/Xe2e,uid://A001/X10e/X456_1,uid://A001/X10e/X456
468,uid://A001/X12a/Xefe,uid://A001/X10d/X69_1,uid://A001/X10d/X69
469,uid://A001/X12a/X6ba,uid://A001/X110/X1b1_13,uid://A001/X110/X1b1
470,uid://A001/X12a/X1253,uid://A001/X112/X414_3,uid://A001/X112/X414
471,uid://A001/X12a/X10e4,uid://A001/X112/X9f_2,uid://A001/X112/X9f
472,uid://A001/X12a/X1c6c,uid://A001/X10e/Xd6_1,uid://A001/X10e/Xd6
473,uid://A001/X12a/X6a0,uid://A001/X110/Xfe_2,uid://A001/X110/Xfe
474,uid://A001/X12a/X1707,uid://A001/X111/X75_1,uid://A001/X111/X75
475,uid://A001/X12a/Xc00,uid://A001/X10f/X386_1,uid://A001/X10f/X386
476,uid://A001/X12a/X16d5,uid://A001/X111/X60_1,uid://A001/X111/X60
477,uid://A001/X12a/X177d,uid://A001/X111/X8d_6,uid://A001/X111/X8d
478,uid://A001/X12a/X176d,uid://A001/X110/X81_4,uid://A001/X110/X81
479,uid://A001/X12a/X17ff,uid://A001/X113/X1d5_4,uid://A001/X113/X1d5
480,uid://A001/X12a/X177a,uid://A001/X111/X8d_3,uid://A001/X111/X8d
481,uid://A001/X12a/X1252,uid://A001/X112/X414_2,uid://A001/X112/X414
482,uid://A001/X12a/X683,uid://A001/X10f/X238_1,uid://A001/X10f/X238
483,uid://A001/X12a/X9a2,uid://A001/X10f/X2f2_1,uid://A001/X10f/X2f2
484,uid://A001/X12a/X2b2,uid://A001/X110/X125_2,uid://A001/X110/X125
485,uid://A001/X12a/X684,uid://A001/X10f/X238_2,uid://A001/X10f/X238
486,uid://A001/X12a/X197b,uid://A001/X10f/X951_2,uid://A001/X10f/X951
487,uid://A001/X12a/Xebd,uid://A001/X10f/X486_6,uid://A001/X10f/X486
488,uid://A001/X12a/X11fb,uid://A001/X113/Xd5_5,uid://A001/X113/Xd5
489,uid://A001/X12a/X1aae,uid://A001/X10e/X16_1,uid://A001/X10e/X16
490,uid://A001/X12a/X176f,uid://A001/X110/X81_6,uid://A001/X110/X81
491,uid://A001/X12a/Xbfc,uid://A001/X10f/X37f_4,uid://A001/X10f/X37f
492,uid://A001/X12a/X18a,uid://A001/X10c/X146_4,uid://A001/X10c/X146
493,uid://A001/X12a/X6b7,uid://A001/X110/X1b1_10,uid://A001/X110/X1b1
494,uid://A001/X12a/X7b2,uid://A001/X110/X205_2,uid://A001/X110/X205
495,uid://A001/X12a/X60d,uid://A001/X111/Xb5_2,uid://A001/X111/Xb5
497,uid://A001/X12a/X849,uid://A001/X112/X12_1,uid://A001/X112/X12
498,uid://A001/X12a/X14db,uid://A001/X10e/X8a3_1,uid://A001/X10e/X8a3
499,uid://A001/X12a/X1597,uid://A001/X111/X1f_1,uid://A001/X111/X1f
500,uid://A001/X12a/X1569,uid://A001/X113/X12c_1,uid://A001/X113/X12c
501,uid://A001/X12a/X1c87,uid://A001/X10f/X112_2,uid://A001/X10f/X112
502,uid://A001/X12a/X7b1,uid://A001/X110/X205_1,uid://A001/X110/X205
503,uid://A001/X12a/X1aaa,uid://A001/X10e/Xf_3,uid://A001/X10e/Xf
504,uid://A001/X12a/X46,uid://A001/X10b/X41_2,uid://A001/X10b/X41
505,uid://A001/X12a/X188,uid://A001/X10c/X146_2,uid://A001/X10c/X146
506,uid://A001/X12a/X6b4,uid://A001/X110/X1b1_7,uid://A001/X110/X1b1
507,uid://A001/X12a/X1714,uid://A001/X10f/X5ad_2,uid://A001/X10f/X5ad
508,uid://A001/X12a/X1224,uid://A001/X106/X26_3,uid://A001/X106/X26
509,uid://A001/X12a/Xb61,uid://A001/X10f/X6ec_2,uid://A001/X10f/X6ec
510,uid://A001/X12a/X616,uid://A001/X10e/X6e8_1,uid://A001/X10e/X6e8
511,uid://A001/X12a/X5e5,uid://A001/X10f/X21d_4,uid://A001/X10f/X21d
512,uid://A001/X12a/Xeb9,uid://A001/X10f/X486_2,uid://A001/X10f/X486
513,uid://A001/X12a/X159a,uid://A001/X111/X1f_4,uid://A001/X111/X1f
514,uid://A001/X12a/X93e,uid://A001/X10d/Xd_4,uid://A001/X10d/Xd
515,uid://A001/X12a/Xbd7,uid://A001/X10e/X3b3_1,uid://A001/X10e/X3b3
516,uid://A001/X12a/X184e,uid://A001/X113/X21c_1,uid://A001/X113/X21c
517,uid://A001/X12a/X19ba,uid://A001/X10a/X70_4,uid://A001/X10a/X70
518,uid://A001/X12a/Xec0,uid://A001/X10d/X5c_1,uid://A001/X10d/X5c
519,uid://A001/X12a/X1598,uid://A001/X111/X1f_2,uid://A001/X111/X1f
520,uid://A001/X12a/X1599,uid://A001/X111/X1f_3,uid://A001/X111/X1f
521,uid://A001/X12a/X156b,uid://A001/X113/X12c_3,uid://A001/X113/X12c
